{
    "train_loss": [
        3.6552913640840416,
        2.570545056010844
    ],
    "train_reg": [
        0.07475234568119049,
        0.07470954954624176
    ]
}